Id,Title,Description,Price
1,Book 1,Description 1,1000
2,Book 2,Description 2,1001
3,Book 3,Description 3,1002
4,Book 4,Description 4,1003
5,Book 5,Description 5,1004
6,Book 6,Description 6,1005
7,Book 7,Description 7,1006
8,Book 8,Description 8,1007
9,Book 9,Description 9,1008
10,Book 10,Description 10,1009
11,Book 11,Description 11,1010
12,Book 12,Description 12,1011
13,Book 13,Description 13,1012
14,Book 14,Description 14,1013
15,Book 15,Description 15,1014
16,Book 16,Description 16,1015
17,Book 17,Description 17,1016
18,Book 18,Description 18,1017
19,Book 19,Description 19,1018
20,Book 20,Description 20,1019
21,Book 21,Description 21,1020
22,Book 22,Description 22,1021
23,Book 23,Description 23,1022
24,Book 24,Description 24,1023
25,Book 25,Description 25,1024
26,Book 26,Description 26,1025
27,Book 27,Description 27,1026
28,Book 28,Description 28,1027
29,Book 29,Description 29,1028
30,Book 30,Description 30,1029
31,Book 31,Description 31,1030
32,Book 32,Description 32,1031
33,Book 33,Description 33,1032
34,Book 34,Description 34,1033
35,Book 35,Description 35,1034
